{
    "s0": {
        "external_services": [
            {
                "seq_len": 10000, 
                "services": []
            }
        ]
    }, 
    "s1": {
        "external_services": [
            {
                "seq_len": 10000, 
                "services": []
            }
        ]
    }, 
    "s2": {
        "external_services": [
            {
                "seq_len": 10000, 
                "services": []
            }
        ]
    }, 
    "s3": {
        "external_services": [
            {
                "seq_len": 10000, 
                "services": []
            }
        ]
    }, 
    "s4": {
        "external_services": [
            {
                "seq_len": 10000, 
                "services": []
            }
        ]
    }, 
    "s5": {
        "external_services": [
            {
                "seq_len": 10000, 
                "services": []
            }
        ]
    }, 
    "s6": {
        "external_services": [
            {
                "seq_len": 10000, 
                "services": []
            }
        ]
    }, 
    "s7": {
        "external_services": [
            {
                "seq_len": 10000, 
                "services": []
            }
        ]
    }, 
    "s8": {
        "external_services": [
            {
                "seq_len": 10000, 
                "services": []
            }
        ]
    }, 
    "s9": {
        "external_services": [
            {
                "seq_len": 10000, 
                "services": []
            }
        ]
    }, 
    "s10": {
        "external_services": [
            {
                "seq_len": 10000, 
                "services": []
            }
        ]
    }, 
    "s11": {
        "external_services": [
            {
                "seq_len": 10000, 
                "services": []
            }
        ]
    }, 
    "s12": {
        "external_services": [
            {
                "seq_len": 10000, 
                "services": []
            }
        ]
    }, 
    "s13": {
        "external_services": [
            {
                "seq_len": 10000, 
                "services": []
            }
        ]
    }
}